File,Seed,Nodes,Timeout,Time,Relative precision,Simplex time,ANN time,Linearization time
for_dataset/synthes1.bch,1,26,3600,0.0239880000001,0.001,0.0118064000001,0.00228170000001,0.00168260000001
for_dataset/synthes1.bch,2,30,3600,0.0246860000001,0.001,0.0112351000001,0.00242760000001,0.00168030000001
for_dataset/synthes1.bch,3,30,3600,0.0298580000001,0.001,0.0133311010001,0.00296480000001,0.00179010000001
for_dataset/synthes1.bch,4,30,3600,0.0333710000001,0.001,0.0180638000001,0.00297230000001,0.00235720000001
for_dataset/ex7_2_3.bch,1,13436154,3600,3599.99929201,0.49371585207,1491.9389403,323.832242769,281.2439804
for_dataset/ex7_2_3.bch,2,22096964,3600,3599.99992601,0.397980242073,322.15888054,449.736335059,356.83508781
for_dataset/ex7_2_3.bch,3,359112,3600,182.579612001,0.001,1.64310950301,8.48563818906,7.43464929406
for_dataset/ex7_2_3.bch,4,364718,3600,190.204416001,0.001,1.81452126301,9.98582029908,7.74288669406
