File,Seed,Nodes,Timeout,Time,Relative precision,Simplex time,ANN time,Linearization time
for_dataset/synthes1.bch,1,30,3600,0.0241580000001,0.001,0.0126597000001,1.70000000001e-06,0.00170250000001
for_dataset/synthes1.bch,2,38,3600,0.0414040000001,0.001,0.0235737000001,1.80000000001e-06,0.00295330000001
for_dataset/synthes1.bch,3,38,3600,0.0388130000001,0.001,0.0227980000001,1.90000000001e-06,0.00289210000001
for_dataset/synthes1.bch,4,34,3600,0.0312430000001,0.001,0.0184278010001,1.60000000001e-06,0.00233340000001
for_dataset/ex7_2_3.bch,1,32610,3600,11.5233660001,0.001,6.27674171301,0.000638600000001,0.699080114001
for_dataset/ex7_2_3.bch,2,11306782,3600,3599.99987001,0.464090449675,2008.69090564,0.237318399008,263.218274819
for_dataset/ex7_2_3.bch,3,11451258,3600,3599.99980401,0.467072420057,2017.88121822,0.226805094007,262.476390986
for_dataset/ex7_2_3.bch,4,11604742,3600,3599.99993401,0.467072420057,2020.88910473,0.228808899008,259.811406844
